temperature,type,storepoint,recommendation
22,Sunny,70,Продолжайте в том же духе
18,Rainy,30,Попробуйте разбить задачи на более мелкие части
15,Cloudy,50,Уделите время планированию задач
25,Sunny,85,Отдохните немного, чтобы не перегружаться
10,Snowy,40,Работайте в комфортном темпе
28,Sunny,90,Используйте техники тайм-менеджмента
20,Rainy,60,Сделайте перерыв и займитесь чем-то расслабляющим
30,Sunny,95,Попробуйте работать на свежем воздухе
12,Cloudy,35,Обратитесь за помощью, если чувствуете усталость
22,Rainy,55,Разбейте задачи на подзадачи и выполняйте поэтапно
18,Sunny,75,Занимайтесь важными задачами в первую очередь
15,Cloudy,65,Работайте в удобное время суток
25,Sunny,80,Используйте техники медитации для расслабления
10,Snowy,45,Создайте уютную рабочую обстановку
28,Sunny,88,Делайте частые, но короткие перерывы
20,Rainy,60,Слушайте музыку для повышения продуктивности
30,Sunny,100,Завершайте задачи последовательно, не перескакивая
12,Cloudy,50,Используйте приложения для управления временем
22,Rainy,55,Обратитесь к коллегам за поддержкой и советом
18,Sunny,70,Следите за своим самочувствием и уровнем энергии
25,Sunny,80,Планируйте свой день заранее
14,Cloudy,45,Пейте достаточно воды
27,Sunny,92,Не забывайте о перерывах
9,Snowy,38,Старайтесь поддерживать рабочее пространство в порядке
21,Rainy,62,Работайте в удобном для вас темпе
24,Sunny,78,Используйте методы визуализации для планирования
16,Cloudy,53,Планируйте задачи с учетом приоритетов
19,Rainy,65,Оценивайте свои силы адекватно